"","time","rating_sem_k","rating_com_k25","dia","ano"
"1","corinthians",1142.20027367894,1166.9527513218,"15/08/1971",1971
"2","corinthians",1142.1760065665,1166.61605739866,"21/08/1971",1971
"3","corinthians",1142.90534007141,1183.97197762001,"26/08/1971",1971
"4","corinthians",1142.72789853423,1176.85475260374,"08/09/1971",1971
"5","corinthians",1143.10972802234,1186.20455028825,"11/09/1971",1971
"6","corinthians",1143.38355138471,1191.98351886922,"22/09/1971",1971
"7","corinthians",1144.24764474049,1210.77074812891,"02/10/1971",1971
"8","corinthians",1143.34961349898,1185.14734050982,"30/10/1971",1971
"9","corinthians",1143.94291006669,1200.44912016837,"07/11/1971",1971
"10","corinthians",1143.897088684,1198.89801776159,"14/11/1971",1971
"11","corinthians",1143.69173396892,1193.24439845585,"24/11/1971",1971
"12","corinthians",1142.15983238232,1154.8369361197,"04/12/1971",1971
"13","corinthians",1142.87308164688,1172.88418338239,"08/12/1971",1971
"14","corinthians",1142.80546600322,1170.49062503476,"10/09/1972",1972
"15","corinthians",1142.58091157648,1164.81568614989,"17/09/1972",1972
"16","corinthians",1142.2520416963,1154.63282048689,"01/10/1972",1972
"17","corinthians",1141.23152237982,1128.06487777186,"22/10/1972",1972
"18","corinthians",1143.39592683896,1182.01831898235,"08/11/1972",1972
"19","corinthians",1143.2781923793,1179.15017692975,"12/11/1972",1972
"20","corinthians",1142.96184734646,1168.80804720643,"29/11/1972",1972
"21","corinthians",1143.13292883552,1173.13492689356,"14/12/1972",1972
"22","corinthians",1143.06470764414,1170.58969682251,"17/12/1972",1972
"23","corinthians",1142.37945388134,1153.41610774104,"25/08/1973",1973
"24","corinthians",1141.87906551108,1144.35967785078,"09/09/1973",1973
"25","corinthians",1141.49027385995,1135.85269054513,"22/09/1973",1973
"26","corinthians",1142.66107019549,1161.80605546027,"07/10/1973",1973
"27","corinthians",1143.8989322237,1189.50014775312,"25/10/1973",1973
"28","corinthians",1141.79497093703,1140.98407190129,"18/11/1973",1973
"29","corinthians",1142.26588294729,1153.48027478452,"24/11/1973",1973
"30","corinthians",1142.08682055629,1150.94382374733,"02/12/1973",1973
"31","corinthians",1141.49880799963,1134.60674540485,"08/12/1973",1973
"32","corinthians",1140.89831291973,1122.4773086614,"15/12/1973",1973
"33","corinthians",1140.7969586339,1119.84209700624,"12/01/1974",1974
"34","corinthians",1141.21082405394,1132.01690230335,"16/01/1974",1974
"35","corinthians",1140.29135770354,1110.17785817303,"24/01/1974",1974
"36","corinthians",1140.49625704676,1121.84361460398,"06/02/1974",1974
"37","corinthians",1140.63778393194,1130.87217481354,"17/03/1974",1974
"38","corinthians",1141.11194153875,1145.32085110501,"24/03/1974",1974
"39","corinthians",1141.33680921684,1149.24499422486,"06/04/1974",1974
"40","corinthians",1140.1042917335,1117.7983918134,"23/04/1974",1974
"41","corinthians",1140.46621127498,1128.17248197426,"04/05/1974",1974
"42","corinthians",1139.94502388395,1116.46088758473,"11/05/1974",1974
"43","corinthians",1139.73355846852,1114.05563736078,"18/05/1974",1974
"44","corinthians",1140.26516047254,1126.56956796028,"01/06/1974",1974
"45","corinthians",1140.15690278131,1127.0888668088,"30/06/1974",1974
"46","corinthians",1139.28805326988,1107.6454903987,"06/07/1974",1974
"47","corinthians",1139.10231731541,1103.64155244561,"11/07/1974",1974
"48","corinthians",1138.58105944218,1094.81226550813,"20/08/1975",1975
"49","corinthians",1138.86514147058,1105.57817128899,"31/08/1975",1975
"50","corinthians",1138.78644720403,1103.69565253743,"07/09/1975",1975
"51","corinthians",1139.23259639776,1117.96523248348,"09/10/1975",1975
"52","corinthians",1138.27971399242,1099.71164277316,"23/10/1975",1975
"53","corinthians",1138.82095305322,1116.68234036904,"29/10/1975",1975
"54","corinthians",1139.28416829343,1130.90926179083,"02/11/1975",1975
"55","corinthians",1139.10333472995,1128.10717483499,"06/11/1975",1975
"56","corinthians",1139.84699635169,1148.8720813338,"16/11/1975",1975
"57","corinthians",1140.15891474282,1155.90639265343,"20/11/1975",1975
"58","corinthians",1139.3032901862,1139.55443934318,"30/11/1975",1975
"59","corinthians",1139.62397404855,1150.32927954313,"03/12/1975",1975
"60","corinthians",1139.94113387465,1159.47109744142,"29/08/1976",1976
"61","corinthians",1139.11690796787,1141.13397289605,"12/09/1976",1976
"62","corinthians",1140.17270117819,1162.47759627205,"25/09/1976",1976
"63","corinthians",1140.72702958123,1178.25321261997,"29/09/1976",1976
"64","corinthians",1140.19811751751,1167.42547126485,"13/10/1976",1976
"65","corinthians",1139.61861846541,1152.38539807996,"16/10/1976",1976
"66","corinthians",1140.09243260532,1165.90748855315,"20/10/1976",1976
"67","corinthians",1140.31828587715,1171.00703126057,"31/10/1976",1976
"68","corinthians",1140.07289918576,1167.52345515517,"11/11/1976",1976
"69","corinthians",1141.15714332195,1195.03284131444,"18/11/1976",1976
"70","corinthians",1141.6527059216,1211.17623792637,"21/11/1976",1976
"71","corinthians",1141.18003927326,1204.6143590195,"23/10/1977",1977
"72","corinthians",1141.08077846438,1199.0684186012,"02/11/1977",1977
"73","corinthians",1141.39132299044,1205.22049267704,"05/11/1977",1977
"74","corinthians",1141.946052765,1220.14966931119,"10/11/1977",1977
"75","corinthians",1141.68454158341,1208.77515881426,"20/11/1977",1977
"76","corinthians",1142.30467009793,1227.45588060448,"04/12/1977",1977
"77","corinthians",1142.8244405554,1238.38604191266,"15/12/1977",1977
"78","corinthians",1143.3208189452,1253.8931923527,"18/12/1977",1977
"79","corinthians",1143.29166062275,1251.90167269275,"29/01/1978",1978
"80","corinthians",1143.60527649981,1259.14803965204,"01/02/1978",1978
"81","corinthians",1143.49531144158,1257.25639062572,"12/02/1978",1978
"82","corinthians",1143.13837205888,1245.350253383,"08/04/1978",1978
"83","corinthians",1144.02668603879,1261.21726957966,"23/04/1978",1978
"84","corinthians",1144.49459623316,1270.99458814953,"29/04/1978",1978
"85","corinthians",1145.03505883144,1280.05551395686,"04/05/1978",1978
"86","corinthians",1145.2059330142,1280.59371933928,"14/05/1978",1978
"87","corinthians",1145.12570900108,1280.79054987769,"21/05/1978",1978
"88","corinthians",1145.44153509463,1289.19092049462,"24/05/1978",1978
"89","corinthians",1144.8349598053,1273.02884267949,"28/05/1978",1978
"90","corinthians",1145.03684040032,1275.68955418241,"18/06/1978",1978
"91","corinthians",1145.3532676742,1284.40941327198,"21/06/1978",1978
"92","corinthians",1143.680349958,1242.8302793753,"08/07/1978",1978
"93","corinthians",1143.98908617062,1248.64767072825,"13/07/1978",1978
"94","corinthians",1142.89713839918,1225.05280471335,"20/07/1978",1978
"95","corinthians",1142.88059264522,1225.8532739146,"23/07/1978",1978
"96","corinthians",1143.19348561638,1233.17187138311,"23/02/1980",1980
"97","corinthians",1144.23341307636,1261.96918471556,"02/03/1980",1980
"98","corinthians",1144.46317340867,1268.15580898378,"09/03/1980",1980
"99","corinthians",1145.18948964844,1287.74822097222,"16/03/1980",1980
"100","corinthians",1145.35681418967,1287.66754392138,"30/03/1980",1980
"101","corinthians",1145.25434756891,1287.91274668554,"06/04/1980",1980
"102","corinthians",1146.80103125138,1320.99544218885,"26/04/1980",1980
"103","corinthians",1146.31825040347,1310.16740238814,"07/05/1980",1980
"104","corinthians",1146.65915006423,1321.62776949605,"14/05/1980",1980
"105","corinthians",1146.49152356747,1312.02587595017,"25/01/1981",1981
"106","corinthians",1146.29775828331,1305.12962353834,"28/01/1981",1981
"107","corinthians",1144.99401278208,1274.03565674456,"11/02/1981",1981
"108","corinthians",1145.78122139969,1293.25534660109,"19/02/1981",1981
"109","corinthians",1143.69537407842,1239.92556297465,"12/03/1981",1981
"110","corinthians",1142.4542402268,1209.66155017374,"21/03/1981",1981
"111","corinthians",1141.43555122815,1190.06920811498,"04/04/1981",1981
"112","corinthians",1141.36597500329,1192.95077538001,"27/02/1982",1982
"113","corinthians",1143.33753439013,1252.59497254819,"14/03/1982",1982
"114","corinthians",1143.81059949314,1265.93680359054,"17/03/1982",1982
"115","corinthians",1143.55382976596,1263.96847730981,"01/04/1982",1982
"116","corinthians",1143.39176448463,1257.4741616588,"07/04/1982",1982
"117","corinthians",1142.8590379358,1246.27009548302,"11/04/1982",1982
"118","corinthians",1142.4966605498,1241.38799305834,"23/01/1983",1983
"119","corinthians",1142.73824913392,1240.50155505872,"05/02/1983",1983
"120","corinthians",1143.51804199,1256.13641406744,"09/02/1983",1983
"121","corinthians",1143.9857826754,1264.35983236592,"23/02/1983",1983
"122","corinthians",1143.63328186089,1257.64148273698,"13/03/1983",1983
"123","corinthians",1144.44153744625,1274.48146904396,"26/03/1983",1983
"124","corinthians",1144.81661376937,1285.85802638045,"03/04/1983",1983
"125","corinthians",1144.47310678429,1282.30192424104,"13/04/1983",1983
"126","corinthians",1143.91191910989,1283.01749835223,"20/04/1983",1983
"127","corinthians",1143.99504703581,1293.4533308622,"30/04/1983",1983
"128","corinthians",1143.80650745828,1286.89090599993,"03/02/1984",1984
"129","corinthians",1144.11874012979,1293.49925533685,"05/02/1984",1984
"130","corinthians",1143.74222114596,1281.38550124594,"19/02/1984",1984
"131","corinthians",1144.32707617788,1293.00153602503,"26/02/1984",1984
"132","corinthians",1144.76082436346,1303.73097337155,"11/03/1984",1984
"133","corinthians",1144.88935104723,1305.01617897037,"21/03/1984",1984
"134","corinthians",1144.69329821102,1296.8724587434,"24/03/1984",1984
"135","corinthians",1143.46712553359,1271.25127877297,"14/04/1984",1984
"136","corinthians",1143.4362455509,1272.34747516808,"18/04/1984",1984
"137","corinthians",1144.37105545848,1294.35624875323,"25/04/1984",1984
"138","corinthians",1144.28951160377,1304.68549183761,"06/05/1984",1984
"139","corinthians",1143.44576198935,1284.75386455549,"13/05/1984",1984
"140","corinthians",1143.29478404104,1285.85256847893,"27/01/1985",1985
"141","corinthians",1142.79549366874,1273.29776077366,"30/01/1985",1985
"142","corinthians",1141.93127389829,1255.31708636546,"06/02/1985",1985
"143","corinthians",1142.406095536,1268.22461987147,"10/02/1985",1985
"144","corinthians",1143.65816990893,1300.71458884113,"24/02/1985",1985
"145","corinthians",1144.08761739475,1310.62897725317,"02/03/1985",1985
"146","corinthians",1143.48153121474,1297.55025527009,"27/03/1985",1985
"147","corinthians",1144.03374659691,1312.96276402071,"03/04/1985",1985
"148","corinthians",1144.53408383378,1327.28069010163,"07/04/1985",1985
"149","corinthians",1143.95684512185,1312.81242399005,"14/04/1985",1985
"150","corinthians",1142.16099721001,1268.68434664385,"10/07/1985",1985
"151","corinthians",1142.57244813365,1278.79978735046,"13/07/1985",1985
"152","corinthians",1141.37291996529,1252.89644183643,"21/07/1985",1985
"153","corinthians",1141.94308085321,1269.37703173861,"31/08/1986",1986
"154","corinthians",1142.24780137018,1274.6743993276,"04/09/1986",1986
"155","corinthians",1142.63097436039,1275.91949376793,"14/09/1986",1986
"156","corinthians",1142.16684094312,1267.68576009085,"27/09/1986",1986
"157","corinthians",1142.07417478621,1263.87903148918,"01/10/1986",1986
"158","corinthians",1141.8868720899,1257.73687024473,"12/10/1986",1986
"159","corinthians",1142.47769570836,1273.57163267586,"22/10/1986",1986
"160","corinthians",1143.0333075236,1283.19491636873,"02/11/1986",1986
"161","corinthians",1143.25246877982,1288.47603952139,"16/11/1986",1986
"162","corinthians",1144.03390088342,1308.25094626434,"27/11/1986",1986
"163","corinthians",1143.65584522876,1295.56319233421,"04/12/1986",1986
"164","corinthians",1143.65690284728,1295.68392924638,"07/12/1986",1986
"165","corinthians",1143.18939272553,1282.90077355631,"28/01/1987",1987
"166","corinthians",1143.1269606676,1282.29507770298,"04/02/1987",1987
"167","corinthians",1142.21809885018,1258.70741091667,"08/02/1987",1987
"168","corinthians",1142.0543389328,1256.79272707002,"13/09/1987",1987
"169","corinthians",1141.37995948512,1240.94138348892,"18/09/1987",1987
"170","corinthians",1140.7648624452,1225.56356863512,"27/09/1987",1987
"171","corinthians",1140.15436551044,1219.96269535408,"18/10/1987",1987
"172","corinthians",1140.17811290183,1220.78855247968,"24/10/1987",1987
"173","corinthians",1140.48928045376,1229.2681439189,"31/10/1987",1987
"174","corinthians",1139.39927407641,1206.00855362061,"12/11/1987",1987
"175","corinthians",1139.34100020528,1207.90721331245,"15/11/1987",1987
"176","corinthians",1138.24651442299,1186.94505195986,"04/09/1988",1988
"177","corinthians",1138.19074653449,1188.71929525431,"07/09/1988",1988
"178","corinthians",1137.95369054622,1188.36577749969,"17/09/1988",1988
"179","corinthians",1135.63345843168,1143.80868624754,"16/10/1988",1988
"180","corinthians",1135.54857007275,1143.58693354862,"23/10/1988",1988
"181","corinthians",1135.5547774934,1146.08835303244,"30/10/1988",1988
"182","corinthians",1135.86329521509,1159.56153867593,"16/11/1988",1988
"183","corinthians",1136.45167921837,1176.88706035673,"24/11/1988",1988
"184","corinthians",1135.95494786114,1168.12885658324,"01/12/1988",1988
"185","corinthians",1135.87424887216,1170.62121867069,"04/12/1988",1988
"186","corinthians",1136.42785831007,1185.41302145521,"07/12/1988",1988
"187","corinthians",1135.88464415948,1172.79445292052,"14/12/1988",1988
"188","corinthians",1134.71247441058,1150.93711820058,"07/09/1989",1989
"189","corinthians",1135.45786956118,1187.36296338378,"24/09/1989",1989
"190","corinthians",1135.93812911523,1201.67096995725,"01/10/1989",1989
"191","corinthians",1136.4312343444,1219.22813307133,"14/10/1989",1989
"192","corinthians",1136.76915986676,1228.73105572463,"22/10/1989",1989
"193","corinthians",1136.74225047022,1227.49401345313,"29/10/1989",1989
"194","corinthians",1136.2254306218,1215.38750823644,"04/11/1989",1989
"195","corinthians",1135.4967921139,1206.59976733733,"29/11/1989",1989
"196","corinthians",1134.91801825698,1196.3020241489,"03/12/1989",1989
"197","corinthians",1134.00721264551,1178.92162177469,"25/08/1990",1990
"198","corinthians",1134.3542822169,1190.73624690724,"09/09/1990",1990
"199","corinthians",1135.11866226741,1212.38729313797,"19/09/1990",1990
"200","corinthians",1135.37590948779,1223.98741379094,"30/09/1990",1990
"201","corinthians",1136.15836413978,1246.9562620815,"07/10/1990",1990
"202","corinthians",1135.8825371179,1241.81574403737,"14/10/1990",1990
"203","corinthians",1135.79837561146,1240.78679133517,"20/10/1990",1990
"204","corinthians",1135.1485969207,1229.22378875593,"28/10/1990",1990
"205","corinthians",1135.62210437556,1240.94717448565,"04/11/1990",1990
"206","corinthians",1134.48042606757,1218.83735109004,"18/11/1990",1990
"207","corinthians",1134.9678107572,1233.31628398803,"24/11/1990",1990
"208","corinthians",1135.36325000543,1247.59231690776,"06/12/1990",1990
"209","corinthians",1136.14973944089,1276.39418165155,"16/12/1990",1990
"210","corinthians",1135.96986353261,1272.41958771397,"03/02/1991",1991
"211","corinthians",1135.37500208751,1258.39903950486,"16/02/1991",1991
"212","corinthians",1135.36042952938,1259.20019541379,"24/02/1991",1991
"213","corinthians",1136.49174237202,1289.55547419585,"06/03/1991",1991
"214","corinthians",1136.51626535681,1288.48701097112,"17/03/1991",1991
"215","corinthians",1136.42845404009,1286.93101357143,"24/03/1991",1991
"216","corinthians",1136.82259743008,1302.09919562037,"07/04/1991",1991
"217","corinthians",1136.8196319466,1303.82666961838,"20/04/1991",1991
"218","corinthians",1136.52117855018,1297.9057206071,"01/05/1991",1991
"219","corinthians",1137.21049106094,1317.79612628011,"19/05/1991",1991
"220","corinthians",1136.19686080833,1295.17142543939,"26/01/1992",1992
"221","corinthians",1136.16919733823,1293.80658511781,"02/02/1992",1992
"222","corinthians",1137.16003241111,1320.33338490218,"16/02/1992",1992
"223","corinthians",1136.57569643047,1306.00206392841,"19/02/1992",1992
"224","corinthians",1137.04775102996,1319.24898641283,"07/03/1992",1992
"225","corinthians",1137.03050089511,1318.42328290513,"12/03/1992",1992
"226","corinthians",1137.57249767371,1330.17590677229,"12/04/1992",1992
"227","corinthians",1136.92294519695,1314.76561734146,"26/04/1992",1992
"228","corinthians",1136.18834926885,1301.0251691829,"23/05/1992",1992
"229","corinthians",1135.35106663004,1283.32875247666,"13/06/1992",1992
"230","corinthians",1136.79786183583,1318.00768802995,"28/06/1992",1992
"231","corinthians",1136.62167870425,1316.37642087963,"05/07/1992",1992
"232","corinthians",1138.02354852526,1357.91037818611,"03/10/1993",1993
"233","corinthians",1138.77240870282,1373.89293342451,"09/10/1993",1993
"234","corinthians",1139.52980321174,1390.74743531645,"12/10/1993",1993
"235","corinthians",1139.9703837883,1403.43097371102,"16/10/1993",1993
"236","corinthians",1140.76528630901,1418.10187420339,"31/10/1993",1993
"237","corinthians",1141.08863075248,1428.03409551309,"07/11/1993",1993
"238","corinthians",1141.56634567683,1437.4092071632,"10/11/1993",1993
"239","corinthians",1141.98299306337,1446.99898448088,"20/11/1993",1993
"240","corinthians",1141.19320881093,1426.4242424914,"01/12/1993",1993
"241","corinthians",1141.01292282466,1421.46622467111,"05/12/1993",1993
"242","corinthians",1141.12511808247,1420.07617397226,"17/08/1994",1994
"243","corinthians",1141.09376334604,1417.46522343842,"21/08/1994",1994
"244","corinthians",1141.09087749226,1420.82191439677,"31/08/1994",1994
"245","corinthians",1141.53660331481,1431.99460586092,"03/09/1994",1994
"246","corinthians",1141.31111433366,1421.35721988049,"25/09/1994",1994
"247","corinthians",1142.78872739294,1451.52662305332,"09/10/1994",1994
"248","corinthians",1142.56153410425,1447.45596223437,"15/10/1994",1994
"249","corinthians",1142.97261460515,1455.30796492324,"23/10/1994",1994
"250","corinthians",1143.27062755884,1456.49934953487,"29/10/1994",1994
"251","corinthians",1142.21786934446,1424.25445236027,"06/11/1994",1994
"252","corinthians",1142.1181645048,1419.69767146151,"09/11/1994",1994
"253","corinthians",1140.58123226312,1381.19859398215,"20/11/1994",1994
"254","corinthians",1140.0226886931,1368.48414809943,"23/11/1994",1994
"255","corinthians",1139.01415620046,1344.38881850554,"30/11/1994",1994
"256","corinthians",1138.83917529629,1342.02565240735,"04/12/1994",1994
"257","corinthians",1138.79777517166,1337.06561546961,"11/12/1994",1994
"258","corinthians",1138.08708812312,1321.88202093655,"15/12/1994",1994
"259","corinthians",1136.50190350663,1284.22420890136,"30/08/1995",1995
"260","corinthians",1135.25704965435,1257.24290161858,"06/09/1995",1995
"261","corinthians",1135.70402186387,1269.35831348286,"09/09/1995",1995
"262","corinthians",1134.99710157565,1255.99339351974,"17/09/1995",1995
"263","corinthians",1135.56255151581,1272.18055229254,"20/09/1995",1995
"264","corinthians",1134.68548045163,1248.39847283037,"30/09/1995",1995
"265","corinthians",1135.2925311716,1262.63569615683,"14/10/1995",1995
"266","corinthians",1135.55544183488,1272.38600549947,"29/10/1995",1995
"267","corinthians",1135.22125286772,1266.9094865069,"07/11/1995",1995
"268","corinthians",1135.71923594728,1278.66420857117,"11/11/1995",1995
"269","corinthians",1135.11639519031,1264.7062974939,"24/11/1995",1995
"270","corinthians",1135.09500161936,1264.27077907046,"02/12/1995",1995
"271","corinthians",1134.39437527248,1247.12991374349,"15/08/1996",1996
"272","corinthians",1133.51965822275,1226.83814216066,"18/08/1996",1996
"273","corinthians",1133.87795328782,1239.24743550913,"20/08/1996",1996
"274","corinthians",1134.25622781915,1247.52868728463,"29/08/1996",1996
"275","corinthians",1135.05515644574,1268.62319859504,"05/09/1996",1996
"276","corinthians",1134.76061472452,1265.31654435321,"22/09/1996",1996
"277","corinthians",1134.32634488002,1254.48222299217,"13/10/1996",1996
"278","corinthians",1134.28060923033,1260.21131934469,"27/10/1996",1996
"279","corinthians",1134.49466705309,1267.23134800969,"13/11/1996",1996
"280","corinthians",1134.33036814519,1265.25989421974,"16/11/1996",1996
"281","corinthians",1133.48766662247,1242.4180949914,"24/11/1996",1996
"282","corinthians",1132.73431693365,1223.02556653022,"06/07/1997",1997
"283","corinthians",1132.87305893222,1228.45805756726,"13/07/1997",1997
"284","corinthians",1133.2954195647,1239.08127834651,"16/07/1997",1997
"285","corinthians",1133.47136356149,1245.76469721882,"27/07/1997",1997
"286","corinthians",1133.45286829397,1245.39401798666,"30/07/1997",1997
"287","corinthians",1131.98114858533,1208.4153629633,"19/08/1997",1997
"288","corinthians",1131.42804917976,1196.88947103091,"31/08/1997",1997
"289","corinthians",1132.3163930373,1220.74273436017,"11/09/1997",1997
"290","corinthians",1130.41171126823,1182.47387176839,"28/09/1997",1997
"291","corinthians",1130.90774324371,1198.85665822437,"01/10/1997",1997
"292","corinthians",1130.04378679669,1178.22949001828,"11/10/1997",1997
"293","corinthians",1127.77607491435,1126.02457614843,"01/11/1997",1997
"294","corinthians",1128.22514086044,1139.5094896739,"05/11/1997",1997
"295","corinthians",1129.77152014766,1192.59995945667,"02/08/1998",1998
"296","corinthians",1130.24170775513,1204.58570216353,"05/08/1998",1998
"297","corinthians",1131.49606359805,1240.14501157802,"15/08/1998",1998
"298","corinthians",1131.97337810609,1251.22816644484,"25/08/1998",1998
"299","corinthians",1132.33459939983,1262.43352829342,"29/08/1998",1998
"300","corinthians",1132.40353945189,1268.97557086239,"09/09/1998",1998
"301","corinthians",1132.75846882956,1281.02011182893,"24/09/1998",1998
"302","corinthians",1131.97635125919,1263.99499437391,"27/09/1998",1998
"303","corinthians",1131.11888913024,1248.56976718694,"07/10/1998",1998
"304","corinthians",1130.76833355062,1241.78612548914,"18/10/1998",1998
"305","corinthians",1131.67353004044,1265.27586415793,"12/11/1998",1998
"306","corinthians",1131.34688932135,1256.78719756983,"21/11/1998",1998
"307","corinthians",1131.81693094477,1268.83846345578,"25/11/1998",1998
"308","corinthians",1132.01504353307,1278.12416616917,"06/12/1998",1998
"309","corinthians",1131.99370154485,1278.8760250237,"09/12/1998",1998
"310","corinthians",1131.95275247393,1278.97427581956,"20/12/1998",1998
"311","corinthians",1132.6720936092,1297.79479807645,"23/12/1998",1998
"312","corinthians",1133.71208496323,1321.26969516349,"01/08/1999",1999
"313","corinthians",1134.86210013807,1351.83215715461,"18/08/1999",1999
"314","corinthians",1136.42917188297,1387.5972120722,"29/08/1999",1999
"315","corinthians",1135.8726388903,1372.34131805237,"01/09/1999",1999
"316","corinthians",1135.77122902812,1369.05374445087,"12/09/1999",1999
"317","corinthians",1134.91374045845,1349.91206495672,"22/09/1999",1999
"318","corinthians",1135.49310307803,1365.43262320596,"09/10/1999",1999
"319","corinthians",1137.06743575263,1399.4551712376,"17/10/1999",1999
"320","corinthians",1136.00245126324,1369.50842115741,"31/10/1999",1999
"321","corinthians",1136.18636636072,1369.89647972752,"07/11/1999",1999
"322","corinthians",1136.59803848181,1379.83545876316,"10/11/1999",1999
"323","corinthians",1136.99986282721,1392.2291261361,"21/11/1999",1999
"324","corinthians",1136.86007720052,1389.30443986188,"24/11/1999",1999
"325","corinthians",1137.74742765735,1410.35649113196,"05/12/1999",1999
"326","corinthians",1137.95246182703,1414.99904143034,"19/12/1999",1999
"327","corinthians",1137.93388216958,1413.99295175094,"22/12/1999",1999
"328","corinthians",1137.23991947859,1391.68709346496,"05/08/2000",2000
"329","corinthians",1137.27760083536,1388.195966492,"13/08/2000",2000
"330","corinthians",1137.19780194127,1380.23763709685,"27/08/2000",2000
"331","corinthians",1136.27877736959,1355.77045896501,"30/08/2000",2000
"332","corinthians",1135.32858835212,1333.07534273533,"10/09/2000",2000
"333","corinthians",1135.61184196586,1340.48356741323,"24/09/2000",2000
"334","corinthians",1135.0209809744,1325.15268351258,"28/09/2000",2000
"335","corinthians",1134.43936016727,1309.69475130689,"07/10/2000",2000
"336","corinthians",1132.35299912388,1254.63851512991,"22/10/2000",2000
"337","corinthians",1129.40693575781,1189.4614457465,"09/11/2000",2000
"338","corinthians",1128.38506430312,1166.84597845771,"16/11/2000",2000
"339","corinthians",1128.20091727202,1168.31469418663,"01/08/2001",2001
"340","corinthians",1128.40406429623,1178.73359697729,"08/08/2001",2001
"341","corinthians",1127.21583792705,1154.8047281808,"15/08/2001",2001
"342","corinthians",1125.78187611819,1124.14955984058,"29/08/2001",2001
"343","corinthians",1126.01661246836,1132.82587791104,"08/09/2001",2001
"344","corinthians",1126.26724418001,1141.37224493096,"19/09/2001",2001
"345","corinthians",1124.57494219009,1107.85732735874,"30/09/2001",2001
"346","corinthians",1125.38135512804,1131.72035318883,"03/10/2001",2001
"347","corinthians",1126.01694411269,1150.3019030404,"06/10/2001",2001
"348","corinthians",1124.94747383098,1126.33339227239,"13/10/2001",2001
"349","corinthians",1124.417706782,1114.84582909902,"21/10/2001",2001
"350","corinthians",1123.85478241118,1114.64017971331,"11/11/2001",2001
"351","corinthians",1124.49005322719,1134.1789640693,"18/11/2001",2001
"352","corinthians",1124.68341642495,1143.04951826292,"02/12/2001",2001
"353","corinthians",1125.6693407905,1169.9408374363,"14/08/2002",2002
"354","corinthians",1124.89291060925,1160.34468631582,"28/08/2002",2002
"355","corinthians",1123.87980222996,1142.8765334305,"31/08/2002",2002
"356","corinthians",1123.79957321749,1148.34134552584,"12/09/2002",2002
"357","corinthians",1124.00424265009,1160.50499674961,"19/09/2002",2002
"358","corinthians",1124.33271451691,1171.43139849189,"22/09/2002",2002
"359","corinthians",1123.83560114225,1166.5130599249,"03/10/2002",2002
"360","corinthians",1123.65564766069,1162.10827414646,"09/10/2002",2002
"361","corinthians",1124.52021225666,1189.57826422719,"20/10/2002",2002
"362","corinthians",1124.55076588245,1188.51239452424,"23/10/2002",2002
"363","corinthians",1124.15954750753,1180.42502494658,"02/11/2002",2002
"364","corinthians",1124.89943686601,1199.86193740441,"07/11/2002",2002
"365","corinthians",1124.16946024102,1183.59276955423,"17/11/2002",2002
"366","corinthians",1125.56950580732,1221.58429575188,"27/11/2002",2002
"367","corinthians",1125.45590081438,1221.68077163077,"04/12/2002",2002
"368","corinthians",1124.16093105648,1193.16341879236,"15/12/2002",2002
"369","corinthians",1123.26237177979,1171.78537247851,"30/03/2003",2003
"370","corinthians",1123.70537958337,1184.25381219305,"12/04/2003",2003
"371","corinthians",1123.08575286032,1170.69863231478,"27/04/2003",2003
"372","corinthians",1123.96918351235,1193.24533038775,"10/05/2003",2003
"373","corinthians",1124.52696642639,1212.29380513275,"24/05/2003",2003
"374","corinthians",1125.1585246062,1233.4283172955,"01/06/2003",2003
"375","corinthians",1123.94789369753,1210.03494876148,"15/06/2003",2003
"376","corinthians",1124.27352342523,1221.19787736638,"29/06/2003",2003
"377","corinthians",1123.38928076092,1204.47629529612,"09/07/2003",2003
"378","corinthians",1122.80568844037,1191.02858523687,"13/07/2003",2003
"379","corinthians",1123.02041193818,1200.27393789223,"19/07/2003",2003
"380","corinthians",1123.39415197314,1209.61567333876,"27/07/2003",2003
"381","corinthians",1122.54532034456,1191.35248458751,"07/08/2003",2003
"382","corinthians",1122.78206428459,1200.66978399743,"20/08/2003",2003
"383","corinthians",1123.52936140577,1219.25264860169,"24/08/2003",2003
"384","corinthians",1123.44849124032,1213.92047720789,"13/09/2003",2003
"385","corinthians",1122.26171746377,1189.06804744328,"24/09/2003",2003
"386","corinthians",1120.09421138817,1148.92256029186,"08/10/2003",2003
"387","corinthians",1119.82263635244,1153.05620557324,"19/10/2003",2003
"388","corinthians",1118.68468932155,1125.82549654158,"26/10/2003",2003
"389","corinthians",1117.86999767266,1122.86921433032,"09/11/2003",2003
"390","corinthians",1117.64672554508,1120.11068538672,"30/11/2003",2003
"391","corinthians",1117.48140248883,1119.84969047889,"06/12/2003",2003
"392","corinthians",1116.254257673,1094.91811752657,"25/04/2004",2004
"393","corinthians",1114.38914754717,1049.32927715945,"02/05/2004",2004
"394","corinthians",1114.75395969021,1064.30658703411,"16/05/2004",2004
"395","corinthians",1113.60343830101,1042.2626232605,"23/05/2004",2004
"396","corinthians",1113.3716218914,1048.61382502263,"20/06/2004",2004
"397","corinthians",1112.19736322421,1027.7950314546,"04/07/2004",2004
"398","corinthians",1112.95896177079,1055.59842115616,"10/07/2004",2004
"399","corinthians",1113.28894945961,1067.272738363,"13/07/2004",2004
"400","corinthians",1113.13347579,1068.940096865,"20/07/2004",2004
"401","corinthians",1112.79536641984,1066.92895875198,"28/07/2004",2004
"402","corinthians",1113.31290801011,1089.80929314187,"01/08/2004",2004
"403","corinthians",1113.90444903241,1107.44605501978,"08/08/2004",2004
"404","corinthians",1114.81624602146,1138.74486500592,"14/08/2004",2004
"405","corinthians",1114.1015802405,1122.35025815809,"21/08/2004",2004
"406","corinthians",1115.12936281633,1149.67388869885,"01/09/2004",2004
"407","corinthians",1114.6049012761,1145.95101994498,"19/09/2004",2004
"408","corinthians",1114.96355165061,1159.91985480922,"26/09/2004",2004
"409","corinthians",1114.24449267945,1145.80066073282,"02/10/2004",2004
"410","corinthians",1114.1625060601,1150.09895694733,"16/10/2004",2004
"411","corinthians",1114.66841362832,1168.42351575081,"30/10/2004",2004
"412","corinthians",1113.73150087268,1143.53152309208,"13/11/2004",2004
"413","corinthians",1114.2289928019,1164.45986154397,"04/12/2004",2004
"414","corinthians",1115.23772839894,1194.50496291383,"19/12/2004",2004
"415","corinthians",1115.07207379602,1192.76528202133,"24/04/2005",2005
"416","corinthians",1113.21801262533,1152.28133182161,"08/05/2005",2005
"417","corinthians",1113.97835253947,1177.460304006,"22/05/2005",2005
"418","corinthians",1115.13570578137,1206.30297255109,"12/06/2005",2005
"419","corinthians",1115.0672640941,1203.23916611375,"26/06/2005",2005
"420","corinthians",1115.19297401407,1205.71682932433,"10/07/2005",2005
"421","corinthians",1115.84720685675,1225.68267786807,"21/07/2005",2005
"422","corinthians",1116.7721285772,1247.59246349893,"27/07/2005",2005
"423","corinthians",1116.75362957192,1252.93833410693,"03/08/2005",2005
"424","corinthians",1115.77422500437,1233.98025522316,"06/08/2005",2005
"425","corinthians",1116.21138909052,1249.30691690444,"21/08/2005",2005
"426","corinthians",1115.47549601775,1231.40452402773,"28/08/2005",2005
"427","corinthians",1115.58461167805,1239.28480987017,"11/09/2005",2005
"428","corinthians",1115.8984342355,1246.54607987683,"22/09/2005",2005
"429","corinthians",1116.88903063274,1268.69767935553,"02/10/2005",2005
"430","corinthians",1118.11853046669,1299.94306862255,"08/10/2005",2005
"431","corinthians",1118.9856339531,1324.11611210376,"22/10/2005",2005
"432","corinthians",1119.35342599594,1330.80798933761,"30/10/2005",2005
"433","corinthians",1119.89198296108,1345.44330326295,"06/11/2005",2005
"434","corinthians",1119.65169638684,1338.05891153528,"20/11/2005",2005
"435","corinthians",1120.22266725606,1349.29245036084,"27/11/2005",2005
"436","corinthians",1119.38052225037,1327.44868552675,"22/04/2006",2006
"437","corinthians",1117.95747574003,1290.93208065571,"07/05/2006",2006
"438","corinthians",1118.44419555886,1303.24747844446,"25/05/2006",2006
"439","corinthians",1117.0477048246,1272.82167296164,"01/06/2006",2006
"440","corinthians",1116.21256244774,1250.89296414226,"04/06/2006",2006
"441","corinthians",1114.80268304012,1214.46253688102,"22/07/2006",2006
"442","corinthians",1114.64312604475,1209.818866254,"05/08/2006",2006
"443","corinthians",1113.64269297621,1189.24907062463,"12/08/2006",2006
"444","corinthians",1114.51745019441,1212.28850023941,"20/08/2006",2006
"445","corinthians",1113.54992904916,1187.39974672596,"27/08/2006",2006
"446","corinthians",1114.28189481361,1208.41528590491,"03/09/2006",2006
"447","corinthians",1114.59232477138,1221.93667525557,"16/09/2006",2006
"448","corinthians",1114.5276946646,1220.70162632227,"20/09/2006",2006
"449","corinthians",1113.64751588489,1202.80913392984,"05/10/2006",2006
"450","corinthians",1112.21571839213,1174.46172166217,"22/10/2006",2006
"451","corinthians",1112.75035558417,1187.64614973523,"25/10/2006",2006
"452","corinthians",1113.76484557138,1211.18431009361,"04/11/2006",2006
"453","corinthians",1113.97233704168,1220.27979628871,"18/11/2006",2006
"454","corinthians",1114.40852982352,1233.9324062561,"03/12/2006",2006
"455","corinthians",1114.74514855494,1243.58874478913,"13/05/2007",2007
"456","corinthians",1115.58281909338,1260.9994312118,"26/05/2007",2007
"457","corinthians",1115.73789015083,1266.01934105251,"16/06/2007",2007
"458","corinthians",1115.2674742815,1251.75575544287,"30/06/2007",2007
"459","corinthians",1114.5568131941,1233.64069261282,"07/07/2007",2007
"460","corinthians",1114.52949320983,1236.77294849498,"14/07/2007",2007
"461","corinthians",1112.50651566027,1185.02745094335,"22/07/2007",2007
"462","corinthians",1112.28712246819,1183.08778598586,"29/07/2007",2007
"463","corinthians",1112.58839559382,1196.84662005994,"04/08/2007",2007
"464","corinthians",1112.2143769823,1191.31614047967,"12/08/2007",2007
"465","corinthians",1111.59274324817,1179.78836811547,"25/08/2007",2007
"466","corinthians",1111.44020731367,1178.52295467611,"02/09/2007",2007
"467","corinthians",1111.75479856183,1183.6866793819,"05/09/2007",2007
"468","corinthians",1110.53238787577,1157.10168190631,"16/09/2007",2007
"469","corinthians",1109.41598104207,1130.84788049436,"29/09/2007",2007
"470","corinthians",1109.84574389861,1151.16241819751,"13/10/2007",2007
"471","corinthians",1109.53315109629,1149.66949664083,"28/10/2007",2007
"472","corinthians",1108.91417038544,1138.6753411481,"03/11/2007",2007
"473","corinthians",1108.22387489135,1126.30082037832,"28/11/2007",2007
"474","corinthians",1107.69623260063,1115.62992513792,"10/05/2009",2009
"475","corinthians",1107.96088448803,1124.20207526212,"23/05/2009",2009
"476","corinthians",1107.84313125075,1125.19205352553,"06/06/2009",2009
"477","corinthians",1108.44483922406,1152.85582386318,"21/06/2009",2009
"478","corinthians",1108.54568852518,1158.691087379,"08/07/2009",2009
"479","corinthians",1107.97791938835,1151.86455849995,"16/07/2009",2009
"480","corinthians",1108.81743490257,1176.72880477847,"23/07/2009",2009
"481","corinthians",1108.00091236703,1157.53202690823,"26/07/2009",2009
"482","corinthians",1107.6598787196,1149.48929209313,"02/08/2009",2009
"483","corinthians",1107.19033634385,1143.93512977135,"16/08/2009",2009
"484","corinthians",1107.62883300689,1157.37779750575,"23/08/2009",2009
"485","corinthians",1107.95831345327,1167.62323933528,"02/09/2009",2009
"486","corinthians",1106.7883417725,1145.15903399215,"20/09/2009",2009
"487","corinthians",1105.92186060374,1129.32159599571,"03/10/2009",2009
"488","corinthians",1106.34100351878,1142.86851627472,"10/10/2009",2009
"489","corinthians",1104.86697292963,1110.3209566269,"25/10/2009",2009
"490","corinthians",1105.75100574814,1139.19320442949,"08/11/2009",2009
"491","corinthians",1104.09467275531,1100.92471177679,"21/11/2009",2009
"492","corinthians",1103.27776288154,1086.57225468506,"29/11/2009",2009
"493","corinthians",1104.56310584867,1121.73445222275,"09/05/2010",2010
"494","corinthians",1105.48567441527,1149.08472347092,"23/05/2010",2010
"495","corinthians",1106.06167260836,1163.6119266976,"30/05/2010",2010
"496","corinthians",1106.82008030859,1184.64175267488,"03/06/2010",2010
"497","corinthians",1107.06992808445,1191.25299185449,"18/07/2010",2010
"498","corinthians",1106.62768105191,1180.89107000203,"25/07/2010",2010
"499","corinthians",1107.11531029595,1195.87265623774,"08/08/2010",2010
"500","corinthians",1107.29886951797,1207.76161520008,"22/08/2010",2010
"501","corinthians",1107.14106332151,1206.50191831336,"29/08/2010",2010
"502","corinthians",1107.84000990214,1224.60190599733,"04/09/2010",2010
"503","corinthians",1107.24321393904,1210.18553760955,"11/09/2010",2010
"504","corinthians",1108.26840490395,1235.6119161021,"18/09/2010",2010
"505","corinthians",1108.20280202672,1234.68449233681,"29/09/2010",2010
"506","corinthians",1108.03302498002,1229.92861204029,"02/10/2010",2010
"507","corinthians",1106.84172081052,1196.7897596405,"10/10/2010",2010
"508","corinthians",1106.4078417865,1186.92143517278,"24/10/2010",2010
"509","corinthians",1106.98054211744,1204.13159065783,"03/11/2010",2010
"510","corinthians",1108.20634721033,1239.69643158116,"13/11/2010",2010
"511","corinthians",1108.70857782151,1251.80550509022,"28/11/2010",2010
"512","corinthians",1109.47777282029,1271.28743923336,"29/05/2011",2011
"513","corinthians",1110.10336582658,1289.82319847249,"12/06/2011",2011
"514","corinthians",1111.07576390475,1317.44257363109,"26/06/2011",2011
"515","corinthians",1111.91903309152,1334.4043997008,"06/07/2011",2011
"516","corinthians",1112.7494578801,1352.83485201482,"14/07/2011",2011
"517","corinthians",1112.89386536502,1356.04607893295,"24/07/2011",2011
"518","corinthians",1112.54379897787,1343.01711633281,"03/08/2011",2011
"519","corinthians",1112.29041711551,1330.83044517618,"14/08/2011",2011
"520","corinthians",1111.77440250461,1314.41726190578,"20/08/2011",2011
"521","corinthians",1111.77563531304,1312.33939390409,"31/08/2011",2011
"522","corinthians",1111.64907751631,1308.35997814201,"08/09/2011",2011
"523","corinthians",1110.33455827132,1273.51352975513,"18/09/2011",2011
"524","corinthians",1110.72915996739,1283.18163690309,"25/09/2011",2011
"525","corinthians",1111.24712529271,1298.33732764577,"09/10/2011",2011
"526","corinthians",1110.40103812138,1278.35275619136,"12/10/2011",2011
"527","corinthians",1111.22278403966,1296.53424512617,"30/10/2011",2011
"528","corinthians",1110.97439390783,1287.30195130286,"13/11/2011",2011
"529","corinthians",1111.77920870596,1303.77263778897,"20/11/2011",2011
"530","corinthians",1112.14718521468,1311.91076459857,"04/12/2011",2011
"531","corinthians",1111.59562614316,1298.87704712873,"20/05/2012",2012
"532","corinthians",1110.91387803242,1281.31887786606,"07/06/2012",2012
"533","corinthians",1110.03151728836,1254.41230127775,"24/06/2012",2012
"534","corinthians",1109.0373029327,1230.1894886213,"11/07/2012",2012
"535","corinthians",1109.3833681939,1238.57368594317,"14/07/2012",2012
"536","corinthians",1110.10169083879,1256.04589579621,"21/07/2012",2012
"537","corinthians",1110.83940919943,1273.78523356511,"25/07/2012",2012
"538","corinthians",1110.51821426416,1266.23125752412,"08/08/2012",2012
"539","corinthians",1111.44502504771,1289.48006646018,"16/08/2012",2012
"540","corinthians",1110.41997599704,1262.2623469141,"26/08/2012",2012
"541","corinthians",1110.85268638765,1276.07793518003,"02/09/2012",2012
"542","corinthians",1110.90645142719,1279.49612592053,"08/09/2012",2012
"543","corinthians",1110.78992687859,1275.47349462043,"12/09/2012",2012
"544","corinthians",1112.12199723359,1301.75265717134,"30/09/2012",2012
"545","corinthians",1111.91783984907,1295.21892745446,"10/10/2012",2012
"546","corinthians",1110.98205015058,1265.93645631137,"20/10/2012",2012
"547","corinthians",1111.4223198887,1277.64374966196,"27/10/2012",2012
"548","corinthians",1112.70635324466,1307.77353341771,"10/11/2012",2012
"549","corinthians",1113.44833790716,1322.99597200542,"24/11/2012",2012
"550","corinthians",1112.61169262246,1302.66317326412,"25/05/2013",2013
"551","corinthians",1112.86262453947,1306.09529910336,"01/06/2013",2013
"552","corinthians",1112.27371653716,1287.46331508454,"08/06/2013",2013
"553","corinthians",1112.3627847231,1287.99316012485,"14/07/2013",2013
"554","corinthians",1112.27312854885,1284.17142057707,"28/07/2013",2013
"555","corinthians",1112.98657769614,1303.92394836863,"31/07/2013",2013
"556","corinthians",1113.98851418116,1327.38492515461,"11/08/2013",2013
"557","corinthians",1114.3621975741,1337.13442152832,"18/08/2013",2013
"558","corinthians",1115.1419752414,1353.38988163593,"01/09/2013",2013
"559","corinthians",1114.48299690154,1332.6923972192,"08/09/2013",2013
"560","corinthians",1113.28838139064,1302.42701956178,"15/09/2013",2013
"561","corinthians",1112.35049728187,1276.85145918958,"22/09/2013",2013
"562","corinthians",1111.88068599246,1262.4717785422,"02/10/2013",2013
"563","corinthians",1111.78837443556,1261.00763386001,"09/10/2013",2013
"564","corinthians",1111.58017575499,1257.68729336139,"19/10/2013",2013
"565","corinthians",1111.57092525224,1257.01832469794,"27/10/2013",2013
"566","corinthians",1111.87096266334,1266.87131972222,"10/11/2013",2013
"567","corinthians",1112.22919140597,1274.26522387948,"17/11/2013",2013
"568","corinthians",1111.67846401402,1258.24020454702,"30/11/2013",2013
"569","corinthians",1111.67324893033,1255.85815952624,"27/04/2014",2014
"570","corinthians",1111.32137445607,1243.47152732504,"18/05/2014",2014
"571","corinthians",1111.25049945981,1242.39921579277,"21/05/2014",2014
"572","corinthians",1112.35854141875,1271.80613883343,"28/05/2014",2014
"573","corinthians",1112.29580131412,1270.83548700751,"01/06/2014",2014
"574","corinthians",1112.79498232892,1281.89596238771,"17/07/2014",2014
"575","corinthians",1113.41833146024,1291.92418137914,"27/07/2014",2014
"576","corinthians",1113.73305438629,1296.58472110291,"16/08/2014",2014
"577","corinthians",1114.38351325044,1313.4777155782,"21/08/2014",2014
"578","corinthians",1113.81090138689,1299.91039030847,"31/08/2014",2014
"579","corinthians",1114.11765052512,1306.73333440018,"11/09/2014",2014
"580","corinthians",1113.38914988991,1284.4306072154,"18/09/2014",2014
"581","corinthians",1113.87531305789,1297.43613515943,"21/09/2014",2014
"582","corinthians",1113.25362033325,1280.40326632801,"04/10/2014",2014
"583","corinthians",1114.03100445971,1300.66423692353,"22/10/2014",2014
"584","corinthians",1113.96277678873,1292.64871812997,"01/11/2014",2014
"585","corinthians",1114.45215536329,1304.01351626389,"09/11/2014",2014
"586","corinthians",1115.70353110462,1334.21678710809,"23/11/2014",2014
"587","corinthians",1115.07154104477,1317.38197778197,"06/12/2014",2014
"588","corinthians",1141.86868770871,1159.06691798231,"07/08/1971",1971
"589","corinthians",1142.18149934058,1166.69817423948,"11/08/1971",1971
"590","corinthians",1143.33803891468,1193.98393686602,"29/08/1971",1971
"591","corinthians",1143.3201453318,1192.64324982099,"05/09/1971",1971
"592","corinthians",1143.42114823275,1193.08173623105,"18/09/1971",1971
"593","corinthians",1143.78095743168,1200.74656598393,"26/09/1971",1971
"594","corinthians",1143.66650289841,1195.66450692682,"09/10/1971",1971
"595","corinthians",1142.76442526545,1171.39239352204,"17/10/1971",1971
"596","corinthians",1143.38070158439,1186.25506722035,"24/10/1971",1971
"597","corinthians",1143.29644882091,1183.21640070254,"21/11/1971",1971
"598","corinthians",1143.16614126466,1179.57434916261,"28/11/1971",1971
"599","corinthians",1142.25844221995,1156.72967295165,"01/12/1971",1971
"600","corinthians",1142.61743351701,1165.29526118134,"13/09/1972",1972
"601","corinthians",1143.05620104885,1176.70911542749,"20/09/1972",1972
"602","corinthians",1142.02378630714,1149.88780816556,"24/09/1972",1972
"603","corinthians",1141.83692287805,1145.37551258592,"27/09/1972",1972
"604","corinthians",1142.16057184439,1152.06081896958,"05/10/1972",1972
"605","corinthians",1142.4879678588,1160.06309017429,"07/10/1972",1972
"606","corinthians",1142.29956333095,1154.66333457298,"11/10/1972",1972
"607","corinthians",1142.21114813886,1152.64323988162,"14/10/1972",1972
"608","corinthians",1141.31199766368,1130.11383978443,"18/10/1972",1972
"609","corinthians",1141.69723573641,1137.86418725826,"25/10/1972",1972
"610","corinthians",1142.00999001934,1145.70978983458,"28/10/1972",1972
"611","corinthians",1142.52962708517,1159.25845263141,"01/11/1972",1972
"612","corinthians",1142.94114678551,1170.8155175188,"05/11/1972",1972
"613","corinthians",1142.50223771299,1159.30236919835,"16/11/1972",1972
"614","corinthians",1142.81475865524,1167.17353391012,"19/11/1972",1972
"615","corinthians",1143.3594838041,1179.4134440388,"22/11/1972",1972
"616","corinthians",1142.36448274571,1154.47328126846,"26/11/1972",1972
"617","corinthians",1142.85716449695,1166.15478434088,"03/12/1972",1972
"618","corinthians",1142.82047918778,1165.28397732886,"10/12/1972",1972
"619","corinthians",1142.48411275327,1155.98800096506,"20/12/1972",1972
"620","corinthians",1142.69197492808,1161.08827280174,"29/08/1973",1973
"621","corinthians",1141.66163947048,1136.82689440018,"31/08/1973",1973
"622","corinthians",1141.47437742217,1132.13748976132,"05/09/1973",1973
"623","corinthians",1141.69073608665,1139.0227878712,"12/09/1973",1973
"624","corinthians",1141.00446262944,1122.41988004273,"16/09/1973",1973
"625","corinthians",1141.80039693294,1142.36646387905,"27/09/1973",1973
"626","corinthians",1142.34179923244,1153.34302759286,"30/09/1973",1973
"627","corinthians",1142.7394339866,1162.61186337996,"03/10/1973",1973
"628","corinthians",1143.1266371675,1171.48005287729,"13/10/1973",1973
"629","corinthians",1143.43906402729,1179.14506844717,"17/10/1973",1973
"630","corinthians",1144.0875734443,1194.7268651335,"21/10/1973",1973
"631","corinthians",1143.71260077804,1185.32238089941,"27/10/1973",1973
"632","corinthians",1143.02349631586,1167.04459658293,"31/10/1973",1973
"633","corinthians",1142.99964896265,1166.6911223315,"04/11/1973",1973
"634","corinthians",1142.31360780309,1150.20967512105,"11/11/1973",1973
"635","corinthians",1142.27116429906,1150.4737934137,"14/11/1973",1973
"636","corinthians",1142.18060362462,1150.78449483891,"29/11/1973",1973
"637","corinthians",1140.91211104191,1121.46708499064,"12/12/1973",1973
"638","corinthians",1140.40578786113,1111.60346780109,"20/01/1974",1974
"639","corinthians",1140.31592081222,1113.34113759936,"27/01/1974",1974
"640","corinthians",1139.63242033364,1098.54657229116,"30/01/1974",1974
"641","corinthians",1139.94629917889,1107.00909962403,"03/02/1974",1974
"642","corinthians",1140.48312726599,1123.07169863931,"10/02/1974",1974
"643","corinthians",1140.79540481795,1130.43074688212,"10/03/1974",1974
"644","corinthians",1140.61186805009,1127.33096879007,"13/03/1974",1974
"645","corinthians",1141.42387525007,1152.53306607355,"30/03/1974",1974
"646","corinthians",1140.80061956071,1135.86741997024,"13/04/1974",1974
"647","corinthians",1139.79081068178,1109.75925601081,"20/04/1974",1974
"648","corinthians",1140.64922728835,1130.81431033529,"27/04/1974",1974
"649","corinthians",1139.75866325366,1112.11728671748,"15/05/1974",1974
"650","corinthians",1139.63748235328,1109.96827570187,"25/05/1974",1974
"651","corinthians",1140.8083489305,1137.74878059948,"05/06/1974",1974
"652","corinthians",1140.71845721425,1138.86052713969,"09/06/1974",1974
"653","corinthians",1139.69080006404,1114.08099950779,"13/06/1974",1974
"654","corinthians",1139.47502373125,1112.33949228566,"03/07/1974",1974
"655","corinthians",1138.18565541244,1084.57846138499,"14/07/1974",1974
"656","corinthians",1138.54758758993,1095.46181992888,"24/08/1975",1975
"657","corinthians",1139.40992782678,1122.19154597906,"14/09/1975",1975
"658","corinthians",1139.43626854693,1125.08783887409,"21/09/1975",1975
"659","corinthians",1139.75071483306,1133.37516469523,"24/09/1975",1975
"660","corinthians",1139.563811498,1128.42145006109,"27/09/1975",1975
"661","corinthians",1138.87969924388,1112.17546568641,"02/10/1975",1975
"662","corinthians",1139.41902996663,1121.81723515304,"05/10/1975",1975
"663","corinthians",1138.63617882911,1101.597878506,"12/10/1975",1975
"664","corinthians",1138.45047418996,1097.63873460354,"15/10/1975",1975
"665","corinthians",1138.86446864349,1112.40792827622,"19/10/1975",1975
"666","corinthians",1138.27131749666,1102.60579102017,"26/10/1975",1975
"667","corinthians",1139.49375643878,1140.07700149608,"09/11/1975",1975
"668","corinthians",1139.91490404346,1150.33190659047,"13/11/1975",1975
"669","corinthians",1139.38242828912,1139.82581688073,"23/11/1975",1975
"670","corinthians",1138.77773141268,1124.97484295028,"27/11/1975",1975
"671","corinthians",1139.7962082415,1155.59222043116,"01/09/1976",1976
"672","corinthians",1139.42908233955,1147.95099900858,"16/09/1976",1976
"673","corinthians",1139.23853831497,1141.94804341488,"19/09/1976",1976
"674","corinthians",1139.70601860892,1152.28387839733,"22/09/1976",1976
"675","corinthians",1139.784510655,1156.70624880931,"10/10/1976",1976
"676","corinthians",1140.40565272027,1173.87869454213,"24/10/1976",1976
"677","corinthians",1139.73236240931,1157.06682463068,"03/11/1976",1976
"678","corinthians",1139.75767781952,1158.88620142299,"07/11/1976",1976
"679","corinthians",1140.62287615988,1181.20080052406,"14/11/1976",1976
"680","corinthians",1142.05801773357,1220.88566442443,"28/11/1976",1976
"681","corinthians",1141.99129521198,1219.86935970813,"05/12/1976",1976
"682","corinthians",1141.23499042314,1206.32225026498,"12/12/1976",1976
"683","corinthians",1141.04456049432,1199.33803262422,"16/10/1977",1977
"684","corinthians",1140.85820593756,1194.23079538426,"19/10/1977",1977
"685","corinthians",1140.53569652746,1188.3388035289,"30/10/1977",1977
"686","corinthians",1141.25580366736,1200.96049944155,"13/11/1977",1977
"687","corinthians",1141.06826619036,1195.47433717821,"16/11/1977",1977
"688","corinthians",1142.92892013302,1240.85504920651,"10/12/1977",1977
"689","corinthians",1142.80752504015,1239.08771285356,"15/02/1978",1978
"690","corinthians",1143.22650949154,1251.65936328596,"19/02/1978",1978
"691","corinthians",1143.03861197876,1245.68818974997,"26/03/1978",1978
"692","corinthians",1143.35044075446,1252.29496667864,"29/03/1978",1978
"693","corinthians",1143.16805144809,1247.51472414508,"02/04/1978",1978
"694","corinthians",1143.44622050209,1250.75791362157,"16/04/1978",1978
"695","corinthians",1144.85143695388,1276.27517129496,"07/05/1978",1978
"696","corinthians",1144.66429307054,1270.89964646838,"10/05/1978",1978
"697","corinthians",1145.1465409784,1279.42158263196,"07/06/1978",1978
"698","corinthians",1144.56952795124,1265.76565740293,"10/06/1978",1978
"699","corinthians",1144.15045628782,1254.03335435239,"24/06/1978",1978
"700","corinthians",1143.55163958339,1239.45019594779,"02/07/1978",1978
"701","corinthians",1143.86563293109,1247.15197313334,"05/07/1978",1978
"702","corinthians",1143.08221693355,1230.733892192,"16/07/1978",1978
"703","corinthians",1143.59361920945,1242.65197290004,"27/02/1980",1980
"704","corinthians",1144.5530277434,1271.59787929173,"05/03/1980",1980
"705","corinthians",1144.50515988219,1270.01151805043,"19/03/1980",1980
"706","corinthians",1144.8105907356,1275.73398581619,"23/03/1980",1980
"707","corinthians",1145.58174783676,1294.50923254823,"13/04/1980",1980
"708","corinthians",1146.17229123631,1307.6153129502,"21/04/1980",1980
"709","corinthians",1145.74575646636,1298.71052504144,"04/05/1980",1980
"710","corinthians",1145.72942235272,1295.23822539846,"11/05/1980",1980
"711","corinthians",1146.58309993425,1319.88223553761,"17/05/1980",1980
"712","corinthians",1147.04876827894,1328.58209706769,"18/01/1981",1981
"713","corinthians",1147.3552000136,1333.09787950207,"21/01/1981",1981
"714","corinthians",1145.76233199134,1293.00872485993,"31/01/1981",1981
"715","corinthians",1145.1712742649,1276.75509080373,"07/02/1981",1981
"716","corinthians",1145.31432071788,1283.6648958353,"14/02/1981",1981
"717","corinthians",1144.72642857081,1263.89094976049,"07/03/1981",1981
"718","corinthians",1143.05541926591,1225.393686617,"15/03/1981",1981
"719","corinthians",1141.5733096335,1190.74274275844,"28/03/1981",1981
"720","corinthians",1142.1233054907,1216.83483072659,"07/03/1982",1982
"721","corinthians",1142.83397064319,1237.60493138345,"10/03/1982",1982
"722","corinthians",1142.95471219567,1249.93803492075,"25/03/1982",1982
"723","corinthians",1142.8543207231,1247.03508830197,"28/03/1982",1982
"724","corinthians",1143.97303209943,1273.34717588236,"04/04/1982",1982
"725","corinthians",1142.06086423049,1229.94113340369,"14/04/1982",1982
"726","corinthians",1142.96593866298,1250.05003420382,"27/01/1983",1983
"727","corinthians",1142.27709191001,1230.82385560627,"30/01/1983",1983
"728","corinthians",1144.2919824185,1270.26002770753,"27/02/1983",1983
"729","corinthians",1143.72644902603,1255.87725372439,"06/03/1983",1983
"730","corinthians",1144.03179636195,1266.73617386947,"16/03/1983",1983
"731","corinthians",1143.84426250284,1260.98480312341,"22/03/1983",1983
"732","corinthians",1144.34801786085,1275.72889854708,"30/03/1983",1983
"733","corinthians",1144.65064453234,1286.41855478939,"10/04/1983",1983
"734","corinthians",1143.40959451674,1263.00994647049,"17/04/1983",1983
"735","corinthians",1143.23490767917,1266.63509790069,"23/04/1983",1983
"736","corinthians",1143.42960368928,1274.54365449745,"09/02/1984",1984
"737","corinthians",1143.43067692002,1274.93182774756,"12/02/1984",1984
"738","corinthians",1144.32635961131,1292.8374997822,"22/02/1984",1984
"739","corinthians",1144.13874077673,1286.86367707346,"29/02/1984",1984
"740","corinthians",1144.67291519968,1302.12362601549,"14/03/1984",1984
"741","corinthians",1144.47710077432,1293.99622235324,"18/03/1984",1984
"742","corinthians",1143.43964014163,1266.23122342373,"01/04/1984",1984
"743","corinthians",1143.34652388888,1262.1510318202,"07/04/1984",1984
"744","corinthians",1142.81544465465,1250.78750765517,"11/04/1984",1984
"745","corinthians",1143.76123425173,1281.81292186329,"22/04/1984",1984
"746","corinthians",1143.52495346943,1278.57583667374,"29/04/1984",1984
"747","corinthians",1143.38421870207,1284.53876726351,"20/05/1984",1984
"748","corinthians",1141.95154135686,1258.0638589596,"03/02/1985",1985
"749","corinthians",1143.04334842128,1287.15447399129,"14/02/1985",1985
"750","corinthians",1143.49163650101,1297.90003288546,"27/02/1985",1985
"751","corinthians",1144.69513007242,1326.57652091285,"06/03/1985",1985
"752","corinthians",1144.10549527669,1314.62666080678,"09/03/1985",1985
"753","corinthians",1144.10634732867,1314.65452123953,"13/03/1985",1985
"754","corinthians",1144.08401233043,1311.15508600318,"21/03/1985",1985
"755","corinthians",1144.0578081551,1310.8565291288,"24/03/1985",1985
"756","corinthians",1144.09521537118,1310.83544614801,"31/03/1985",1985
"757","corinthians",1143.63201644997,1303.95822847762,"10/04/1985",1985
"758","corinthians",1142.92702385226,1286.01039647135,"04/07/1985",1985
"759","corinthians",1142.33749776936,1270.52871061669,"07/07/1985",1985
"760","corinthians",1141.5580235971,1257.35477001235,"17/07/1985",1985
"761","corinthians",1142.11538499417,1273.61130632534,"07/09/1986",1986
"762","corinthians",1142.00911569113,1269.52502840845,"11/09/1986",1986
"763","corinthians",1141.94562494393,1258.80305647473,"18/09/1986",1986
"764","corinthians",1142.38575176725,1273.55801507784,"21/09/1986",1986
"765","corinthians",1142.69587976003,1279.11346588396,"24/09/1986",1986
"766","corinthians",1141.88944349922,1258.79544609265,"19/10/1986",1986
"767","corinthians",1142.93004247062,1281.49140610076,"26/10/1986",1986
"768","corinthians",1143.55336112601,1293.73846280582,"29/10/1986",1986
"769","corinthians",1143.34004561643,1288.35693004184,"09/11/1986",1986
"770","corinthians",1143.73274864105,1303.01065721664,"23/11/1986",1986
"771","corinthians",1143.84644266104,1302.85417280116,"29/11/1986",1986
"772","corinthians",1142.96918602383,1277.117424821,"10/12/1986",1986
"773","corinthians",1142.88172829072,1277.00930882077,"14/12/1986",1986
"774","corinthians",1143.15815878695,1282.59350629409,"01/02/1987",1987
"775","corinthians",1142.61319083332,1268.6243797571,"12/02/1987",1987
"776","corinthians",1140.79008063447,1225.5302193206,"23/09/1987",1987
"777","corinthians",1140.69659766005,1228.01002930425,"04/10/1987",1987
"778","corinthians",1140.67663477504,1227.00545458177,"08/10/1987",1987
"779","corinthians",1139.64967452831,1205.36034517493,"11/10/1987",1987
"780","corinthians",1140.08097251573,1219.92932367502,"28/10/1987",1987
"781","corinthians",1139.91495227928,1214.88805140892,"08/11/1987",1987
"782","corinthians",1138.81247879264,1196.41805402071,"19/11/1987",1987
"783","corinthians",1137.63451507892,1178.94082035369,"11/09/1988",1988
"784","corinthians",1136.94934025302,1170.5238139565,"25/09/1988",1988
"785","corinthians",1136.86023791075,1169.26880164028,"02/10/1988",1988
"786","corinthians",1136.14705741528,1152.26362194637,"09/10/1988",1988
"787","corinthians",1135.38421299571,1144.45684352524,"06/11/1988",1988
"788","corinthians",1134.81023280778,1131.59784070626,"09/11/1988",1988
"789","corinthians",1135.45125819117,1148.7299609955,"13/11/1988",1988
"790","corinthians",1135.83819557283,1161.98750120669,"20/11/1988",1988
"791","corinthians",1135.55999277128,1158.50806725167,"27/11/1988",1988
"792","corinthians",1136.41098929185,1186.12669783523,"11/12/1988",1988
"793","corinthians",1135.7350083574,1174.63799282168,"18/12/1988",1988
"794","corinthians",1135.23942698136,1173.0410461589,"09/09/1989",1989
"795","corinthians",1135.68670169097,1188.74631914138,"17/09/1989",1989
"796","corinthians",1135.02194327065,1172.5968274267,"20/09/1989",1989
"797","corinthians",1135.92502987604,1204.78727911132,"04/10/1989",1989
"798","corinthians",1136.84252981294,1230.33384773943,"18/10/1989",1989
"799","corinthians",1136.05499222149,1213.01675943419,"12/11/1989",1989
"800","corinthians",1136.00088691894,1213.88758558621,"19/11/1989",1989
"801","corinthians",1135.07897709678,1193.29486048569,"25/11/1989",1989
"802","corinthians",1135.44322281952,1210.31195939879,"10/12/1989",1989
"803","corinthians",1134.52125790523,1189.48599525224,"19/08/1990",1990
"804","corinthians",1133.82850798923,1176.50867470654,"02/09/1990",1990
"805","corinthians",1134.67265401776,1199.20222653306,"16/09/1990",1990
"806","corinthians",1135.05677563953,1214.82962006246,"23/09/1990",1990
"807","corinthians",1135.82249120971,1237.91728202885,"04/10/1990",1990
"808","corinthians",1135.97519995832,1242.01498882354,"10/10/1990",1990
"809","corinthians",1135.22636389789,1227.36022795994,"24/10/1990",1990
"810","corinthians",1134.62033630571,1219.80746606,"11/11/1990",1990
"811","corinthians",1135.35267537268,1242.43861492093,"14/11/1990",1990
"812","corinthians",1134.95463469778,1234.88692085468,"02/12/1990",1990
"813","corinthians",1135.27141067038,1247.43204953798,"09/12/1990",1990
"814","corinthians",1135.71082425781,1262.11914988077,"13/12/1990",1990
"815","corinthians",1134.94614077357,1246.65076288072,"06/02/1991",1991
"816","corinthians",1135.78207468634,1272.40698663898,"02/03/1991",1991
"817","corinthians",1136.49318140408,1288.41682467496,"09/03/1991",1991
"818","corinthians",1137.05324004286,1304.0225924888,"31/03/1991",1991
"819","corinthians",1136.88346909306,1300.74192077542,"02/04/1991",1991
"820","corinthians",1136.1545771719,1287.15687899094,"13/04/1991",1991
"821","corinthians",1136.04962312995,1286.61429571427,"27/04/1991",1991
"822","corinthians",1136.96749538796,1310.45680743505,"05/05/1991",1991
"823","corinthians",1136.87480823662,1309.23592539029,"11/05/1991",1991
"824","corinthians",1136.65594658175,1307.14664458923,"10/02/1992",1992
"825","corinthians",1137.21737550463,1322.64169587577,"22/02/1992",1992
"826","corinthians",1137.33575341946,1322.97479050311,"21/03/1992",1992
"827","corinthians",1137.2760361851,1323.98956821556,"25/03/1992",1992
"828","corinthians",1137.7962526871,1335.04899926695,"29/03/1992",1992
"829","corinthians",1138.4048487567,1350.39864468299,"06/04/1992",1992
"830","corinthians",1136.92148887482,1315.51265549737,"18/04/1992",1992
"831","corinthians",1136.74592366371,1312.88166359683,"04/05/1992",1992
"832","corinthians",1135.74408799627,1289.43284417734,"09/05/1992",1992
"833","corinthians",1136.59799476447,1310.53623435444,"31/05/1992",1992
"834","corinthians",1135.92137821152,1296.26865103162,"07/06/1992",1992
"835","corinthians",1136.07508861709,1301.04851364136,"20/06/1992",1992
"836","corinthians",1136.05119733639,1303.28418485628,"09/07/1992",1992
"837","corinthians",1136.77232361149,1319.32743433158,"07/09/1993",1993
"838","corinthians",1136.71399237516,1320.45033071373,"12/09/1993",1993
"839","corinthians",1137.14301125398,1332.00942679608,"20/09/1993",1993
"840","corinthians",1136.96728435599,1330.41410988353,"25/09/1993",1993
"841","corinthians",1137.57438857168,1344.40111152269,"29/09/1993",1993
"842","corinthians",1139.96820474145,1400.88337052499,"25/10/1993",1993
"843","corinthians",1141.51217502955,1436.21591943545,"14/11/1993",1993
"844","corinthians",1141.30181648238,1429.00083441849,"24/11/1993",1993
"845","corinthians",1141.247481738,1427.69393038795,"28/11/1993",1993
"846","corinthians",1141.48383819416,1432.39927355298,"08/12/1993",1993
"847","corinthians",1141.29713295407,1425.23620187827,"13/08/1994",1994
"848","corinthians",1141.41646029907,1426.88329787228,"24/08/1994",1994
"849","corinthians",1140.44516601409,1401.93803619914,"28/08/1994",1994
"850","corinthians",1142.00554838847,1442.1377994754,"10/09/1994",1994
"851","corinthians",1140.99690885645,1415.27338962274,"18/09/1994",1994
"852","corinthians",1141.96884314243,1433.95957293487,"01/10/1994",1994
"853","corinthians",1142.14041107031,1437.0198096776,"12/10/1994",1994
"854","corinthians",1142.96651685793,1451.2741817285,"26/10/1994",1994
"855","corinthians",1143.08399563717,1449.35350527553,"02/11/1994",1994
"856","corinthians",1141.28422520963,1399.16248670619,"13/11/1994",1994
"857","corinthians",1141.75615103526,1410.9866561453,"16/11/1994",1994
"858","corinthians",1139.18931403986,1346.81936913619,"27/11/1994",1994
"859","corinthians",1138.31817583665,1326.83566117043,"07/12/1994",1994
"860","corinthians",1138.11411264733,1324.67788077685,"18/12/1994",1994
"861","corinthians",1137.47078373635,1312.56973467485,"24/08/1995",1995
"862","corinthians",1136.6835912151,1288.3966375341,"27/08/1995",1995
"863","corinthians",1135.93016274492,1271.00534685079,"02/09/1995",1995
"864","corinthians",1135.36960951408,1266.74483779459,"24/09/1995",1995
"865","corinthians",1134.15420673703,1234.22531837804,"07/10/1995",1995
"866","corinthians",1134.57169305961,1246.13208943715,"12/10/1995",1995
"867","corinthians",1135.11073826187,1258.73082454096,"21/10/1995",1995
"868","corinthians",1134.88854635806,1256.94697555944,"04/11/1995",1995
"869","corinthians",1134.80121942978,1258.3326616136,"19/11/1995",1995
"870","corinthians",1135.05736492795,1262.8297346134,"26/11/1995",1995
"871","corinthians",1134.46007678827,1247.24468171181,"29/11/1995",1995
"872","corinthians",1134.57592910689,1250.88632556041,"11/08/1996",1996
"873","corinthians",1134.28660293531,1248.31410362265,"27/08/1996",1996
"874","corinthians",1134.57679376108,1257.07776281195,"31/08/1996",1996
"875","corinthians",1135.00041687561,1267.06205418628,"08/09/1996",1996
"876","corinthians",1135.32887618057,1277.56951400465,"14/09/1996",1996
"877","corinthians",1134.68379656852,1264.09318084494,"29/09/1996",1996
"878","corinthians",1133.66747511776,1239.42797535128,"10/10/1996",1996
"879","corinthians",1134.27189655637,1255.30565870894,"20/10/1996",1996
"880","corinthians",1134.30428053668,1259.43597506099,"23/10/1996",1996
"881","corinthians",1134.75999501344,1273.5328063031,"02/11/1996",1996
"882","corinthians",1134.59386575689,1271.15800362055,"10/11/1996",1996
"883","corinthians",1133.57621796744,1245.26085795142,"20/11/1996",1996
"884","corinthians",1132.55333115707,1219.47601483422,"09/07/1997",1997
"885","corinthians",1133.15714404778,1239.83683122419,"19/07/1997",1997
"886","corinthians",1132.56978298077,1222.36415769171,"16/08/1997",1997
"887","corinthians",1131.82973804258,1206.34226424947,"06/09/1997",1997
"888","corinthians",1131.73904624055,1209.73423775017,"14/09/1997",1997
"889","corinthians",1130.944516273,1190.80560589166,"20/09/1997",1997
"890","corinthians",1130.37669579193,1177.98942392093,"24/09/1997",1997
"891","corinthians",1130.71996631443,1192.81064050493,"04/10/1997",1997
"892","corinthians",1129.52160132405,1167.04341636134,"14/10/1997",1997
"893","corinthians",1129.00177139328,1154.83472178226,"18/10/1997",1997
"894","corinthians",1128.4383508135,1139.23214169435,"22/10/1997",1997
"895","corinthians",1128.73432129724,1157.15198093049,"08/11/1997",1997
"896","corinthians",1129.1645955017,1172.15260386673,"25/07/1998",1998
"897","corinthians",1131.1506207573,1230.20743923041,"08/08/1998",1998
"898","corinthians",1131.0625051911,1227.55825334915,"12/08/1998",1998
"899","corinthians",1131.49766353115,1241.31210549378,"22/08/1998",1998
"900","corinthians",1131.66320002372,1246.30072734202,"05/09/1998",1998
"901","corinthians",1132.91078233745,1285.93941201521,"12/09/1998",1998
"902","corinthians",1133.28179941112,1295.4005626476,"19/09/1998",1998
"903","corinthians",1131.28091670381,1251.10558363519,"03/10/1998",1998
"904","corinthians",1130.14873802568,1224.30673562907,"10/10/1998",1998
"905","corinthians",1130.5907410096,1237.89674805535,"21/10/1998",1998
"906","corinthians",1131.03739141854,1249.98365128356,"24/10/1998",1998
"907","corinthians",1131.364414283,1259.82446467957,"31/10/1998",1998
"908","corinthians",1132.14319697185,1277.08332356327,"15/11/1998",1998
"909","corinthians",1131.29581663096,1257.3562368942,"29/11/1998",1998
"910","corinthians",1131.9732152363,1278.92586770439,"13/12/1998",1998
"911","corinthians",1133.14560560058,1305.96154483503,"25/07/1999",1999
"912","corinthians",1134.252560109,1336.05597295277,"04/08/1999",1999
"913","corinthians",1135.5059573299,1366.21775759075,"21/08/1999",1999
"914","corinthians",1135.98613808779,1377.77644146609,"25/08/1999",1999
"915","corinthians",1136.59043149279,1390.14791892211,"08/09/1999",1999
"916","corinthians",1134.75152546927,1347.32357215943,"25/09/1999",1999
"917","corinthians",1135.172440795,1357.95436587289,"02/10/1999",1999
"918","corinthians",1136.32489152116,1384.73331086845,"13/10/1999",1999
"919","corinthians",1136.97600701308,1395.95381010432,"23/10/1999",1999
"920","corinthians",1136.81555729666,1385.52454916277,"03/11/1999",1999
"921","corinthians",1136.4586794245,1377.25013645805,"14/11/1999",1999
"922","corinthians",1137.30400473129,1399.9802634176,"28/11/1999",1999
"923","corinthians",1137.22908373238,1396.98326841205,"12/12/1999",1999
"924","corinthians",1136.76783744754,1383.02284553708,"30/07/2000",2000
"925","corinthians",1136.66734689716,1377.96077802006,"11/08/2000",2000
"926","corinthians",1137.80919888127,1400.98457326362,"16/08/2000",2000
"927","corinthians",1137.73626839868,1397.41827545244,"19/08/2000",2000
"928","corinthians",1135.501195906,1335.89486412063,"07/09/2000",2000
"929","corinthians",1135.23915800728,1330.1029792673,"17/09/2000",2000
"930","corinthians",1133.83902993464,1293.28958618361,"11/10/2000",2000
"931","corinthians",1133.20061165489,1278.58838255547,"15/10/2000",2000
"932","corinthians",1131.36325869138,1233.87307030275,"25/10/2000",2000
"933","corinthians",1130.86030631043,1220.875012628,"01/11/2000",2000
"934","corinthians",1130.08479340394,1205.257617985,"04/11/2000",2000
"935","corinthians",1129.35553098373,1190.31646211412,"12/11/2000",2000
"936","corinthians",1127.70301279365,1150.01021996949,"19/11/2000",2000
"937","corinthians",1128.07903209557,1168.96962816714,"05/08/2001",2001
"938","corinthians",1127.39191129759,1157.2168839466,"12/08/2001",2001
"939","corinthians",1126.55990505801,1142.39180913489,"19/08/2001",2001
"940","corinthians",1125.96349128286,1128.21843653196,"26/08/2001",2001
"941","corinthians",1125.60133549675,1120.61570299796,"02/09/2001",2001
"942","corinthians",1126.36076486756,1145.90127424032,"16/09/2001",2001
"943","corinthians",1125.68318627349,1129.5256203829,"23/09/2001",2001
"944","corinthians",1125.50121638395,1139.47612108706,"10/10/2001",2001
"945","corinthians",1125.14034311382,1136.68255194613,"28/10/2001",2001
"946","corinthians",1125.09184013602,1138.32516778656,"03/11/2001",2001
"947","corinthians",1124.52776351688,1127.60939025214,"08/11/2001",2001
"948","corinthians",1124.50245655278,1132.11543630878,"15/11/2001",2001
"949","corinthians",1125.24033302986,1154.70187679815,"25/11/2001",2001
"950","corinthians",1125.17090147454,1157.45595107145,"11/08/2002",2002
"951","corinthians",1124.49428850613,1148.00557216161,"18/08/2002",2002
"952","corinthians",1124.90982310376,1159.94508051422,"25/08/2002",2002
"953","corinthians",1124.19047844017,1150.73853264774,"04/09/2002",2002
"954","corinthians",1123.19558305546,1127.3489263906,"08/09/2002",2002
"955","corinthians",1123.66829550422,1148.33002799191,"15/09/2002",2002
"956","corinthians",1124.66057363683,1182.73003431388,"25/09/2002",2002
"957","corinthians",1124.61385064029,1184.11027141191,"29/09/2002",2002
"958","corinthians",1124.13680341299,1176.23212725353,"13/10/2002",2002
"959","corinthians",1124.99505876473,1199.10904754149,"30/10/2002",2002
"960","corinthians",1124.32693576276,1183.95868560029,"10/11/2002",2002
"961","corinthians",1124.23248719736,1182.69252230448,"13/11/2002",2002
"962","corinthians",1125.08321904828,1208.84257662606,"24/11/2002",2002
"963","corinthians",1125.01238674642,1208.95073770401,"01/12/2002",2002
"964","corinthians",1124.67838255744,1204.27227936416,"08/12/2002",2002
"965","corinthians",1123.0821763217,1167.3349595462,"06/04/2003",2003
"966","corinthians",1123.64220423549,1184.85124433174,"16/04/2003",2003
"967","corinthians",1123.13994309182,1171.72427612262,"20/04/2003",2003
"968","corinthians",1123.40348003575,1176.64231731049,"04/05/2003",2003
"969","corinthians",1123.95495584488,1195.17897307066,"18/05/2003",2003
"970","corinthians",1124.49179006491,1220.91373297137,"08/06/2003",2003
"971","corinthians",1123.83015157653,1209.07078386396,"22/06/2003",2003
"972","corinthians",1123.40412208335,1202.20627573729,"06/07/2003",2003
"973","corinthians",1122.65153559897,1189.08924647709,"16/07/2003",2003
"974","corinthians",1122.92597387694,1198.5118947033,"23/07/2003",2003
"975","corinthians",1123.22502289262,1208.1026641946,"03/08/2003",2003
"976","corinthians",1123.0333836744,1204.70909171127,"10/08/2003",2003
"977","corinthians",1122.84620845754,1201.31040470375,"17/08/2003",2003
"978","corinthians",1122.97325658081,1204.70895491544,"31/08/2003",2003
"979","corinthians",1122.77399615246,1199.2232697114,"21/09/2003",2003
"980","corinthians",1120.91536175075,1157.6858824889,"28/09/2003",2003
"981","corinthians",1121.25434052035,1169.43011126308,"05/10/2003",2003
"982","corinthians",1119.14844214988,1131.12694536621,"12/10/2003",2003
"983","corinthians",1119.26332527357,1138.60353663017,"22/10/2003",2003
"984","corinthians",1117.91833563349,1112.42958505975,"02/11/2003",2003
"985","corinthians",1117.33869247658,1100.66318348772,"05/11/2003",2003
"986","corinthians",1118.24177829013,1134.88618471453,"23/11/2003",2003
"987","corinthians",1116.55192734484,1096.90302513021,"14/12/2003",2003
"988","corinthians",1115.93749788195,1084.12806465136,"21/04/2004",2004
"989","corinthians",1115.26053323433,1071.5831839888,"28/04/2004",2004
"990","corinthians",1114.38121366184,1051.83001011709,"09/05/2004",2004
"991","corinthians",1113.56787676155,1046.32691046793,"30/05/2004",2004
"992","corinthians",1113.42382737806,1048.45025365602,"13/06/2004",2004
"993","corinthians",1112.70464501412,1035.95850847616,"27/06/2004",2004
"994","corinthians",1112.62115965347,1042.2863641645,"07/07/2004",2004
"995","corinthians",1113.13195299935,1067.41183127815,"17/07/2004",2004
"996","corinthians",1112.29939411751,1050.00091971987,"24/07/2004",2004
"997","corinthians",1113.97308039443,1109.70107057491,"04/08/2004",2004
"998","corinthians",1114.23481123848,1120.23963925095,"11/08/2004",2004
"999","corinthians",1114.13298280808,1123.44959926231,"18/08/2004",2004
"1000","corinthians",1114.63927659391,1136.68248250504,"29/08/2004",2004
"1001","corinthians",1115.49943666583,1159.58134750241,"08/09/2004",2004
"1002","corinthians",1114.6406256457,1143.48104514057,"12/09/2004",2004
"1003","corinthians",1114.90964929758,1158.82809796481,"29/09/2004",2004
"1004","corinthians",1114.23924276453,1149.62346391425,"06/10/2004",2004
"1005","corinthians",1114.49843069657,1160.89406408134,"24/10/2004",2004
"1006","corinthians",1114.32721089826,1158.08438554433,"27/10/2004",2004
"1007","corinthians",1113.78856988513,1144.4806081149,"07/11/2004",2004
"1008","corinthians",1114.2237261502,1157.23357562372,"21/11/2004",2004
"1009","corinthians",1113.57209469176,1147.24133794854,"28/11/2004",2004
"1010","corinthians",1114.65976217799,1174.72681405179,"12/12/2004",2004
"1011","corinthians",1114.2178713996,1170.42740372168,"01/05/2005",2005
"1012","corinthians",1113.64851324249,1166.88697436709,"15/05/2005",2005
"1013","corinthians",1114.46628975773,1189.22862353899,"29/05/2005",2005
"1014","corinthians",1115.62369759047,1216.48647781281,"18/06/2005",2005
"1015","corinthians",1114.38873408357,1185.62208404506,"03/07/2005",2005
"1016","corinthians",1115.53014002529,1216.651836707,"16/07/2005",2005
"1017","corinthians",1116.28172006345,1235.21035413849,"24/07/2005",2005
"1018","corinthians",1116.01552018955,1233.04142630736,"31/07/2005",2005
"1019","corinthians",1115.77203012738,1233.42576366349,"10/08/2005",2005
"1020","corinthians",1116.35072103454,1249.01630814783,"14/08/2005",2005
"1021","corinthians",1115.54609673969,1234.28626483633,"24/08/2005",2005
"1022","corinthians",1114.93997658237,1219.40857111287,"07/09/2005",2005
"1023","corinthians",1115.91350464595,1248.64151413231,"18/09/2005",2005
"1024","corinthians",1116.56431438582,1261.92608301934,"25/09/2005",2005
"1025","corinthians",1117.55522247662,1286.4794127774,"05/10/2005",2005
"1026","corinthians",1118.61362195411,1314.03789120649,"13/10/2005",2005
"1027","corinthians",1118.64811672037,1314.00488013481,"15/10/2005",2005
"1028","corinthians",1118.94944473392,1323.71165096423,"24/10/2005",2005
"1029","corinthians",1119.42224878921,1335.17888724849,"27/10/2005",2005
"1030","corinthians",1118.8415610745,1316.81867384954,"02/11/2005",2005
"1031","corinthians",1120.30922466796,1353.96390009804,"13/11/2005",2005
"1032","corinthians",1119.65332674897,1338.22025117818,"16/11/2005",2005
"1033","corinthians",1119.58347869833,1335.90941603033,"04/12/2005",2005
"1034","corinthians",1118.77473665418,1309.00114506195,"16/04/2006",2006
"1035","corinthians",1118.76147278219,1310.19857965225,"30/04/2006",2006
"1036","corinthians",1118.29537863511,1300.8340017665,"14/05/2006",2006
"1037","corinthians",1118.9449205399,1315.38398465519,"21/05/2006",2006
"1038","corinthians",1117.68442768812,1285.05378704882,"28/05/2006",2006
"1039","corinthians",1115.44710257494,1231.85132111473,"12/07/2006",2006
"1040","corinthians",1114.979989692,1218.68468882161,"16/07/2006",2006
"1041","corinthians",1114.21232045011,1196.80423198187,"30/07/2006",2006
"1042","corinthians",1114.08791690449,1201.75815759675,"16/08/2006",2006
"1043","corinthians",1114.35387447874,1210.00604493055,"23/08/2006",2006
"1044","corinthians",1113.89918347313,1199.22424080305,"30/08/2006",2006
"1045","corinthians",1114.25053686019,1210.32656413388,"10/09/2006",2006
"1046","corinthians",1114.5292876186,1222.0098431793,"24/09/2006",2006
"1047","corinthians",1112.69652408309,1185.33314675291,"08/10/2006",2006
"1048","corinthians",1111.72509495092,1161.59250818012,"15/10/2006",2006
"1049","corinthians",1113.3583096814,1204.51802699172,"01/11/2006",2006
"1050","corinthians",1114.19649551573,1224.07639635307,"08/11/2006",2006
"1051","corinthians",1114.03086851826,1222.66707046149,"12/11/2006",2006
"1052","corinthians",1113.90282135068,1218.82472301667,"26/11/2006",2006
"1053","corinthians",1115.5991537871,1263.36778772307,"20/05/2007",2007
"1054","corinthians",1115.57822801247,1261.62992756585,"03/06/2007",2007
"1055","corinthians",1115.8945009404,1266.93718661262,"10/06/2007",2007
"1056","corinthians",1114.61489758498,1235.5766989039,"04/07/2007",2007
"1057","corinthians",1113.65773144251,1216.38650973981,"18/07/2007",2007
"1058","corinthians",1112.34317292286,1184.42621695006,"25/07/2007",2007
"1059","corinthians",1112.21828600124,1182.90948123512,"01/08/2007",2007
"1060","corinthians",1111.74690739736,1178.96506718795,"09/08/2007",2007
"1061","corinthians",1112.64773433054,1203.87846427533,"15/08/2007",2007
"1062","corinthians",1112.484238745,1200.6440854066,"19/08/2007",2007
"1063","corinthians",1110.69148843532,1155.98216259505,"29/08/2007",2007
"1064","corinthians",1111.0992804372,1169.98619819882,"09/09/2007",2007
"1065","corinthians",1110.06478953666,1144.96115136755,"23/09/2007",2007
"1066","corinthians",1109.36215339242,1131.46218808547,"03/10/2007",2007
"1067","corinthians",1109.84199278104,1149.6008123814,"07/10/2007",2007
"1068","corinthians",1109.19315344579,1136.66101738964,"21/10/2007",2007
"1069","corinthians",1108.98052942817,1137.88155497864,"31/10/2007",2007
"1070","corinthians",1108.78395140005,1138.46065279029,"11/11/2007",2007
"1071","corinthians",1108.1930269867,1126.88462516569,"02/12/2007",2007
"1072","corinthians",1107.63084365428,1115.93453151793,"17/05/2009",2009
"1073","corinthians",1107.20663502833,1107.27172006019,"31/05/2009",2009
"1074","corinthians",1107.7165246338,1126.02349424333,"14/06/2009",2009
"1075","corinthians",1107.87546856887,1139.1732778288,"27/06/2009",2009
"1076","corinthians",1107.62238306018,1139.87598116732,"12/07/2009",2009
"1077","corinthians",1108.47002160698,1164.91647769411,"19/07/2009",2009
"1078","corinthians",1107.83291594476,1154.38981765704,"29/07/2009",2009
"1079","corinthians",1107.00728415278,1134.1690654397,"05/08/2009",2009
"1080","corinthians",1106.45884139134,1123.2704074081,"09/08/2009",2009
"1081","corinthians",1107.6955168219,1158.35564105464,"19/08/2009",2009
"1082","corinthians",1107.46157218596,1154.52541100173,"26/08/2009",2009
"1083","corinthians",1107.88210578945,1166.37712368797,"16/09/2009",2009
"1084","corinthians",1106.77577044348,1150.07723383656,"27/09/2009",2009
"1085","corinthians",1105.86579947907,1127.85354737002,"07/10/2009",2009
"1086","corinthians",1105.37259596771,1121.08360947245,"18/10/2009",2009
"1087","corinthians",1105.21645753535,1122.55677010661,"28/10/2009",2009
"1088","corinthians",1105.25173164336,1124.7788795059,"01/11/2009",2009
"1089","corinthians",1104.74575380057,1115.72301838072,"15/11/2009",2009
"1090","corinthians",1104.13020662944,1109.46572797473,"05/12/2009",2009
"1091","corinthians",1105.03907365464,1136.62612963104,"16/05/2010",2010
"1092","corinthians",1105.31656438847,1144.34342306899,"26/05/2010",2010
"1093","corinthians",1106.75430698319,1183.83482451091,"06/06/2010",2010
"1094","corinthians",1106.58657538808,1180.52671601424,"14/07/2010",2010
"1095","corinthians",1106.06311218409,1164.83440819887,"21/07/2010",2010
"1096","corinthians",1106.66047982259,1181.46878159256,"01/08/2010",2010
"1097","corinthians",1106.4460647873,1180.39473329312,"15/08/2010",2010
"1098","corinthians",1106.79288372158,1195.98625059912,"25/08/2010",2010
"1099","corinthians",1107.77025703215,1222.63204105923,"08/09/2010",2010
"1100","corinthians",1107.69160170796,1223.21396196236,"15/09/2010",2010
"1101","corinthians",1108.76304226078,1247.15076285383,"22/09/2010",2010
"1102","corinthians",1108.2676780705,1235.28566298907,"26/09/2010",2010
"1103","corinthians",1107.51251097569,1214.01432921685,"06/10/2010",2010
"1104","corinthians",1105.99937824117,1176.14912730535,"13/10/2010",2010
"1105","corinthians",1105.87458016032,1173.34968705627,"17/10/2010",2010
"1106","corinthians",1106.36204684099,1187.84532510133,"27/10/2010",2010
"1107","corinthians",1107.71094250069,1226.0495221564,"07/11/2010",2010
"1108","corinthians",1108.05337124872,1236.52831633787,"21/11/2010",2010
"1109","corinthians",1108.57947194336,1247.72393561961,"05/12/2010",2010
"1110","corinthians",1109.05566994665,1261.83801837964,"22/05/2011",2011
"1111","corinthians",1109.42978659355,1270.48409620423,"05/06/2011",2011
"1112","corinthians",1111.48429554632,1325.34848968863,"29/06/2011",2011
"1113","corinthians",1112.24713785356,1341.45534728796,"10/07/2011",2011
"1114","corinthians",1113.40078667919,1369.10827198192,"20/07/2011",2011
"1115","corinthians",1112.21969794178,1337.30880710987,"31/07/2011",2011
"1116","corinthians",1112.47034244869,1339.04846937105,"07/08/2011",2011
"1117","corinthians",1112.46131789095,1336.23636190139,"10/08/2011",2011
"1118","corinthians",1112.76574415451,1338.75056010795,"17/08/2011",2011
"1119","corinthians",1111.30253710312,1300.39479333925,"28/08/2011",2011
"1120","corinthians",1111.19691627823,1296.72434399385,"04/09/2011",2011
"1121","corinthians",1111.09677375757,1295.16385327164,"11/09/2011",2011
"1122","corinthians",1110.32055959005,1274.45681233928,"21/09/2011",2011
"1123","corinthians",1110.66734659001,1282.18757329059,"02/10/2011",2011
"1124","corinthians",1110.8925418609,1289.45420607818,"16/10/2011",2011
"1125","corinthians",1110.89572693788,1289.23452141181,"23/10/2011",2011
"1126","corinthians",1110.54760975539,1278.13091722175,"06/11/2011",2011
"1127","corinthians",1111.30362871884,1294.6344959495,"16/11/2011",2011
"1128","corinthians",1112.12165320658,1314.30567734679,"27/11/2011",2011
"1129","corinthians",1111.0709356404,1283.04148104691,"27/05/2012",2012
"1130","corinthians",1110.12240140643,1260.82097302263,"10/06/2012",2012
"1131","corinthians",1109.50562334071,1243.85022088842,"17/06/2012",2012
"1132","corinthians",1109.88331165807,1250.41306095058,"08/07/2012",2012
"1133","corinthians",1110.17789044348,1260.67645045418,"18/07/2012",2012
"1134","corinthians",1110.74655990731,1269.88054468426,"29/07/2012",2012
"1135","corinthians",1110.68828747104,1270.55602608477,"05/08/2012",2012
"1136","corinthians",1110.94062815383,1276.35669438272,"12/08/2012",2012
"1137","corinthians",1110.93529016373,1274.97023600439,"19/08/2012",2012
"1138","corinthians",1110.37320355652,1264.07236149785,"29/08/2012",2012
"1139","corinthians",1110.19366156381,1259.97915890099,"05/09/2012",2012
"1140","corinthians",1111.57282266174,1289.19822527725,"16/09/2012",2012
"1141","corinthians",1111.50890477726,1288.09372626569,"23/09/2012",2012
"1142","corinthians",1111.46706607125,1284.67051689802,"06/10/2012",2012
"1143","corinthians",1111.8418999279,1291.39876278254,"13/10/2012",2012
"1144","corinthians",1111.07464798908,1269.22907581947,"17/10/2012",2012
"1145","corinthians",1111.91446994083,1288.44151682018,"04/11/2012",2012
"1146","corinthians",1113.45902530388,1325.05025313787,"18/11/2012",2012
"1147","corinthians",1112.67645865521,1304.35165021768,"02/12/2012",2012
"1148","corinthians",1112.48015387997,1297.74616271219,"29/05/2013",2013
"1149","corinthians",1112.35048996996,1291.30801554829,"05/06/2013",2013
"1150","corinthians",1112.88479758275,1301.6011537449,"07/07/2013",2013
"1151","corinthians",1112.28805234472,1284.475752435,"21/07/2013",2013
"1152","corinthians",1113.48028589897,1315.36021564327,"04/08/2013",2013
"1153","corinthians",1113.46988452108,1313.72243476239,"07/08/2013",2013
"1154","corinthians",1113.94026865956,1326.98829374762,"14/08/2013",2013
"1155","corinthians",1114.29972407218,1334.78063460635,"25/08/2013",2013
"1156","corinthians",1114.64149060999,1338.94197615038,"04/09/2013",2013
"1157","corinthians",1113.91961827024,1319.23389836908,"11/09/2013",2013
"1158","corinthians",1112.35838442192,1276.06120403146,"18/09/2013",2013
"1159","corinthians",1111.26899729064,1247.46532673718,"29/09/2013",2013
"1160","corinthians",1111.86009344091,1262.44863451818,"06/10/2013",2013
"1161","corinthians",1111.77335795932,1260.7978998782,"13/10/2013",2013
"1162","corinthians",1111.2503342343,1249.45068881755,"16/10/2013",2013
"1163","corinthians",1111.4186828851,1254.73017263959,"03/11/2013",2013
"1164","corinthians",1112.29221312121,1276.79719106832,"13/11/2013",2013
"1165","corinthians",1111.67914973233,1259.89732183254,"24/11/2013",2013
"1166","corinthians",1111.01776266229,1239.03201512825,"07/12/2013",2013
"1167","corinthians",1110.99759533033,1239.22329667618,"20/04/2014",2014
"1168","corinthians",1111.99819182143,1261.12375094856,"04/05/2014",2014
"1169","corinthians",1111.98343802957,1261.06545920998,"11/05/2014",2014
"1170","corinthians",1111.86403271881,1257.56403800927,"25/05/2014",2014
"1171","corinthians",1112.64279968812,1279.23621838695,"20/07/2014",2014
"1172","corinthians",1113.33753764836,1288.49347462769,"03/08/2014",2014
"1173","corinthians",1113.82835961465,1300.54328631591,"10/08/2014",2014
"1174","corinthians",1113.85832050572,1300.35681997801,"24/08/2014",2014
"1175","corinthians",1113.63876904873,1294.63156750529,"07/09/2014",2014
"1176","corinthians",1113.56496287492,1291.30276302972,"14/09/2014",2014
"1177","corinthians",1113.21305431734,1280.06131978664,"24/09/2014",2014
"1178","corinthians",1112.64018103495,1265.11180813976,"28/09/2014",2014
"1179","corinthians",1113.74994441591,1295.15070585115,"08/10/2014",2014
"1180","corinthians",1113.18425058565,1279.88890794251,"11/10/2014",2014
"1181","corinthians",1113.68344394898,1291.33215318065,"19/10/2014",2014
"1182","corinthians",1114.04442383159,1296.18475339348,"25/10/2014",2014
"1183","corinthians",1114.85522610137,1312.04291065108,"16/11/2014",2014
"1184","corinthians",1115.22684826509,1321.44126153895,"19/11/2014",2014
"1185","corinthians",1114.74500793315,1310.63253544061,"30/11/2014",2014
